{
  "timestamp": "2026-03-07T21:38:46.603003",
  "stake": 1.0,
  "days_back": 90,
  "min_edge": 0.02,
  "n_historical_games": 567,
  "games_analyzed": [
    {
      "game": "CAR @ CGY",
      "home": "CGY",
      "away": "CAR",
      "model_probs": {
        "home_win_prob": 0.3712279232955776,
        "away_win_prob": 0.6287720767044225,
        "expected_total": 5.946408354005715,
        "over_prob": 0.5255496446843377,
        "under_prob": 0.47445035531566226,
        "home_cover_prob": 0.4913416672504263,
        "away_cover_prob": 0.5086583327495737,
        "total_line": 6.0,
        "spread_line": 1.5,
        "n_games": 50,
        "avg_similarity": 0.7997884137605085,
        "confidence": 0.7593665339729154,
        "raw_home_win_prob": 0.2439779778855176,
        "raw_over_prob": 0.5336459977379633,
        "goal_distribution": {
          "2": 0.02,
          "3": 0.12,
          "4": 0.1,
          "5": 0.18,
          "6": 0.1,
          "7": 0.26,
          "8": 0.04,
          "9": 0.08,
          "10": 0.04,
          "11": 0.04,
          "12": 0.02
        }
      },
      "market_probs": {
        "home_win_prob": 0.34955435889867037,
        "away_win_prob": 0.6504456411013296,
        "over_prob": 0.4965235542327362,
        "under_prob": 0.5034764457672638,
        "spread_home_cover_prob": 0.563048810479828,
        "total_line": 6.0,
        "spread_line": 1.5,
        "n_books_ml": 15,
        "n_books_total": 15,
        "n_books_spread": 15
      },
      "blended_probs": {
        "home_win_prob": 0.3571090386425695,
        "away_win_prob": 0.6428909613574305,
        "over_prob": 0.5066410786769661,
        "under_prob": 0.49335892132303394,
        "home_cover_prob": 0.5455525120044497,
        "away_cover_prob": 0.45444748799555035,
        "model_confidence": 0.7593665339729154,
        "effective_model_weight": 0.3485665581143241
      },
      "n_similar": 50,
      "n_bets": 0,
      "context_indicators": {
        "fatigue": [
          {
            "team": "CGY",
            "type": "B2B",
            "severity": "medium"
          },
          {
            "team": "CAR",
            "type": "B2B",
            "severity": "medium"
          }
        ],
        "goalie": [],
        "injuries": [
          {
            "team": "CGY",
            "impact": 10,
            "severity": "negative"
          },
          {
            "team": "CAR",
            "impact": 10,
            "severity": "negative"
          }
        ],
        "splits": [],
        "advanced": []
      },
      "goalie_matchup": {
        "home": {
          "name": "Dustin Wolf",
          "quality_score": 49.0,
          "recent_save_pct": 0.897,
          "recent_gaa": 3.08,
          "recent_quality_starts": 5
        },
        "away": {
          "name": "Brandon Bussi",
          "quality_score": 56.7,
          "recent_save_pct": 0.901,
          "recent_gaa": 2.31,
          "recent_quality_starts": 5
        }
      },
      "team_splits": {
        "home": {
          "games": 10,
          "wins": 3,
          "losses": 6,
          "ot_losses": 1,
          "win_pct": 0.3,
          "goals_for": 21,
          "goals_against": 34,
          "gf_pg": 2.1,
          "ga_pg": 3.4,
          "goal_diff": -1.3
        },
        "away": {
          "games": 10,
          "wins": 6,
          "losses": 2,
          "ot_losses": 2,
          "win_pct": 0.6,
          "goals_for": 32,
          "goals_against": 23,
          "gf_pg": 3.2,
          "ga_pg": 2.3,
          "goal_diff": 0.9
        }
      },
      "injuries": {
        "home": {
          "impact_score": 10,
          "key_injuries": [],
          "total_injuries": 7,
          "positions_affected": {
            "F": 0,
            "D": 1,
            "G": 1
          }
        },
        "away": {
          "impact_score": 10,
          "key_injuries": [],
          "total_injuries": 9,
          "positions_affected": {
            "F": 0,
            "D": 4,
            "G": 3
          }
        }
      },
      "advanced_stats": {
        "home": {
          "xGF_per_60": 2.3360655737704916,
          "xGA_per_60": 2.8811475409836067,
          "xGF_pct": 44.776119402985074,
          "corsi_pct": 44.776119402985074,
          "fenwick_pct": 44.776119402985074,
          "shooting_pct": 33.33333333333333,
          "save_pct": 0.6666666666666667,
          "pdo": 100.0
        },
        "away": {
          "xGF_per_60": 3.3709677419354835,
          "xGA_per_60": 2.72741935483871,
          "xGF_pct": 55.27638190954774,
          "corsi_pct": 55.27638190954774,
          "fenwick_pct": 55.27638190954774,
          "shooting_pct": 33.33333333333333,
          "save_pct": 0.6666666666666667,
          "pdo": 100.0
        }
      }
    },
    {
      "game": "NYI @ SJS",
      "home": "SJS",
      "away": "NYI",
      "model_probs": {
        "home_win_prob": 0.5128869023820407,
        "away_win_prob": 0.4871130976179593,
        "expected_total": 6.0270508431307315,
        "over_prob": 0.47072608949647426,
        "under_prob": 0.5292739105035258,
        "home_cover_prob": 0.609028199702268,
        "away_cover_prob": 0.39097180029773204,
        "total_line": 6.5,
        "spread_line": 1.5,
        "n_games": 50,
        "avg_similarity": 0.8122665050724223,
        "confidence": 0.7607878619096546,
        "raw_home_win_prob": 0.5024305611599009,
        "raw_over_prob": 0.4615215857544766,
        "goal_distribution": {
          "1": 0.02,
          "3": 0.08,
          "4": 0.06,
          "5": 0.26,
          "6": 0.12,
          "7": 0.14,
          "8": 0.06,
          "9": 0.16,
          "10": 0.06,
          "11": 0.04
        }
      },
      "market_probs": {
        "home_win_prob": 0.4398487470990718,
        "away_win_prob": 0.5601512529009283,
        "over_prob": 0.48886762415578067,
        "under_prob": 0.5111323758442193,
        "spread_home_cover_prob": 0.6533394537065178,
        "total_line": 6.0,
        "spread_line": 1.5,
        "n_books_ml": 15,
        "n_books_total": 15,
        "n_books_spread": 15
      },
      "blended_probs": {
        "home_win_prob": 0.4653312202060808,
        "away_win_prob": 0.5346687797939191,
        "over_prob": 0.48253817665967935,
        "under_prob": 0.5174618233403206,
        "home_cover_prob": 0.6425175451590123,
        "away_cover_prob": 0.35748245484098773,
        "model_confidence": 0.7607878619096546,
        "effective_model_weight": 0.3488926165821581
      },
      "n_similar": 50,
      "n_bets": 1,
      "context_indicators": {
        "fatigue": [
          {
            "team": "SJS",
            "type": "B2B",
            "severity": "medium"
          }
        ],
        "goalie": [
          {
            "team": "SJS",
            "type": "cold",
            "value": 0.863,
            "severity": "negative"
          },
          {
            "team": "NYI",
            "type": "advantage",
            "value": 20.700000000000003,
            "severity": "positive"
          }
        ],
        "injuries": [
          {
            "team": "SJS",
            "impact": 10,
            "severity": "negative"
          },
          {
            "team": "NYI",
            "impact": 7.2,
            "severity": "negative"
          }
        ],
        "splits": [],
        "advanced": []
      },
      "goalie_matchup": {
        "home": {
          "name": "Yaroslav Askarov",
          "quality_score": 39.3,
          "recent_save_pct": 0.863,
          "recent_gaa": 3.94,
          "recent_quality_starts": 2
        },
        "away": {
          "name": "Ilya Sorokin",
          "quality_score": 60.0,
          "recent_save_pct": 0.907,
          "recent_gaa": 2.74,
          "recent_quality_starts": 5
        }
      },
      "team_splits": {
        "home": {
          "games": 10,
          "wins": 6,
          "losses": 4,
          "ot_losses": 0,