{
  "timestamp": "2026-03-01T14:14:34.368302",
  "stake": 0.5,
  "days_back": 90,
  "min_edge": 0.02,
  "n_historical_games": 521,
  "games_analyzed": [
    {
      "game": "VGK @ PIT",
      "home": "PIT",
      "away": "VGK",
      "model_probs": {
        "home_win_prob": 0.6464794956256539,
        "away_win_prob": 0.3535205043743462,
        "expected_total": 7.599396328207303,
        "over_prob": 0.6679405277567587,
        "under_prob": 0.3320594722432413,
        "home_cover_prob": 0.43690707703132226,
        "away_cover_prob": 0.5630929229686777,
        "total_line": 5.5,
        "spread_line": -1.5,
        "n_games": 50,
        "avg_similarity": 0.8038336209481812,
        "confidence": 0.7591394076420236,
        "raw_home_win_prob": 0.6401946006630533,
        "raw_over_prob": 0.7212248844759644,
        "goal_distribution": {
          "3": 0.02,
          "4": 0.02,
          "5": 0.24,
          "6": 0.08,
          "7": 0.34,
          "8": 0.12,
          "9": 0.1,
          "10": 0.04,
          "11": 0.04
        }
      },
      "market_probs": {
        "home_win_prob": 0.6873845433792256,
        "away_win_prob": 0.3126154566207743,
        "over_prob": 0.4503258308353965,
        "under_prob": 0.5496741691646034,
        "spread_home_cover_prob": 0.44200310401642084,
        "total_line": 5.5,
        "spread_line": -1.5,
        "n_books_ml": 10,
        "n_books_total": 10,
        "n_books_spread": 10
      },
      "blended_probs": {
        "home_win_prob": 0.6765161215768003,
        "away_win_prob": 0.3234838784231997,
        "over_prob": 0.508145793075675,
        "under_prob": 0.491854206924325,
        "home_cover_prob": 0.44064909579904243,
        "away_cover_prob": 0.5593509042009576,
        "model_confidence": 0.7591394076420236,
        "effective_model_weight": 0.26569879267470825
      },
      "n_similar": 50,
      "n_bets": 3
    },
    {
      "game": "WPG @ SJS",
      "home": "SJS",
      "away": "WPG",
      "model_probs": {
        "home_win_prob": 0.6357353119765166,
        "away_win_prob": 0.36426468802348344,
        "expected_total": 5.916675109624084,
        "over_prob": 0.3495232215711983,
        "under_prob": 0.6504767784288017,
        "home_cover_prob": 0.630215589743957,
        "away_cover_prob": 0.36978441025604303,
        "total_line": 6.5,
        "spread_line": 1.5,
        "n_games": 50,
        "avg_similarity": 0.8063696572578148,
        "confidence": 0.7603159628479407,
        "raw_home_win_prob": 0.562830303147205,
        "raw_over_prob": 0.30208651957647203,
        "goal_distribution": {
          "1": 0.02,
          "2": 0.02,
          "3": 0.14,
          "4": 0.1,
          "5": 0.3,
          "6": 0.12,
          "7": 0.18,
          "8": 0.02,
          "9": 0.08,
          "11": 0.02
        }
      },
      "market_probs": {
        "home_win_prob": 0.47496059850266864,
        "away_win_prob": 0.5250394014973313,
        "over_prob": 0.4993816049625993,
        "under_prob": 0.5006183950374007,
        "spread_home_cover_prob": 0.6786743353373317,
        "total_line": 5.5,
        "spread_line": 1.5,
        "n_books_ml": 15,
        "n_books_total": 15,
        "n_books_spread": 15
      },
      "blended_probs": {
        "home_win_prob": 0.5177444518794333,
        "away_win_prob": 0.4822555481205667,
        "over_prob": 0.45950270259192516,
        "under_prob": 0.5404972974080748,
        "home_cover_prob": 0.6657789501023511,
        "away_cover_prob": 0.3342210498976489,
        "model_confidence": 0.7603159628479407,
        "effective_model_weight": 0.2661105869967792
      },
      "n_similar": 50,
      "n_bets": 1
    },
    {
      "game": "STL @ MIN",
      "home": "MIN",
      "away": "STL",
      "model_probs": {
        "home_win_prob": 0.7493505493453165,
        "away_win_prob": 0.2506494506546835,
        "expected_total": 6.611240181851991,
        "over_prob": 0.5757894271768937,
        "under_prob": 0.42421057282310626,
        "home_cover_prob": 0.5162887904619864,
        "away_cover_prob": 0.4837112095380136,
        "total_line": 6.5,
        "spread_line": -1.5,
        "n_games": 50,
        "avg_similarity": 0.7783479348173143,
        "confidence": 0.7499451136627919,
        "raw_home_win_prob": 0.7013145093320238,
        "raw_over_prob": 0.601059965317638,
        "goal_distribution": {
          "3": 0.04,
          "4": 0.04,
          "5": 0.26,
          "6": 0.06,
          "7": 0.22,
          "8": 0.16,
          "9": 0.14,
          "10": 0.02,
          "11": 0.04,
          "12": 0.02
        }
      },
      "market_probs": {
        "home_win_prob": 0.6708813145990313,
        "away_win_prob": 0.3291186854009686,
        "over_prob": 0.5007940926616372,
        "under_prob": 0.4992059073383628,
        "spread_home_cover_prob": 0.46106206746087175,
        "total_line": 6.5,
        "spread_line": -1.5,
        "n_books_ml": 15,
        "n_books_total": 15,
        "n_books_spread": 15
      },
      "blended_probs": {
        "home_win_prob": 0.6914779813088237,
        "away_win_prob": 0.30852201869117635,
        "over_prob": 0.5204789272951653,
        "under_prob": 0.4795210727048347,
        "home_cover_prob": 0.4755580213312748,
        "away_cover_prob": 0.5244419786687252,
        "model_confidence": 0.7499451136627919,
        "effective_model_weight": 0.26248078978197714
      },
      "n_similar": 50,
      "n_bets": 1
    },
    {
      "game": "FLA @ NYI",
      "home": "NYI",
      "away": "FLA",
      "model_probs": {
        "home_win_prob": 0.6258792846777524,
        "away_win_prob": 0.37412071532224755,
        "expected_total": 6.741522112306109,
        "over_prob": 0.5233666171756076,
        "under_prob": 0.4766333828243924,
        "home_cover_prob": 0.6456202823831978,
        "away_cover_prob": 0.3543797176168022,
        "total_line": 6.0,
        "spread_line": 1.5,
        "n_games": 50,
        "avg_similarity": 0.8097821018551747,
        "confidence": 0.759607223667107,
        "raw_home_win_prob": 0.6389565904096317,
        "raw_over_prob": 0.5307614467682418,
        "goal_distribution": {
          "2": 0.02,
          "3": 0.06,
          "4": 0.1,
          "5": 0.22,
          "6": 0.14,
          "7": 0.24,
          "8": 0.08,
          "9": 0.12,
          "10": 0.02
        }
      },
      "market_probs": {
        "home_win_prob": 0.42625575397042403,
        "away_win_prob": 0.573744246029576,
        "over_prob": 0.5168547367271307,
        "under_prob": 0.48314526327286933,
        "spread_home_cover_prob": 0.6438797332202761,
        "total_line": 5.5,
        "spread_line": 1.5,
        "n_books_ml": 15,
        "n_books_total": 15,
        "n_books_spread": 15
      },
      "blended_probs": {
        "home_win_prob": 0.4793281705491508,
        "away_win_prob": 0.5206718294508492,
        "over_prob": 0.5185860017270425,
        "under_prob": 0.4814139982729575,
        "home_cover_prob": 0.6443424800213322,
        "away_cover_prob": 0.3556575199786678,
        "model_confidence": 0.759607223667107,
        "effective_model_weight": 0.26586252828348744
      },
      "n_similar": 50,
      "n_bets": 1
    },
    {
      "game": "CGY @ ANA",
      "home": "ANA",
      "away": "CGY",
      "model_probs": {
        "home_win_prob": 0.7794083601621216,
        "away_win_prob": 0.22059163983787844,
        "expected_total": 5.379410025922448,
        "over_prob": 0.3642001938115676,
        "under_prob": 0.6357998061884325,
        "home_cover_prob": 0.47225473123737893,
        "away_cover_prob": 0.5277452687626211,
        "total_line": 6.5,
        "spread_line": -1.5,
        "n_games": 50,
        "avg_similarity": 0.8049618761476924,
        "confidence": 0.7581144199038898,
        "raw_home_win_prob": 0.7210061932644847,
        "raw_over_prob": 0.3208716222471425,
        "goal_distribution": {
          "1": 0.02,
          "3": 0.14,