{
  "timestamp": "2026-03-15T18:47:27.315395",
  "stake": 1.0,
  "days_back": 90,
  "min_edge": 0.02,
  "n_historical_games": 570,
  "games_analyzed": [
    {
      "game": "TOR @ MIN",
      "home": "MIN",
      "away": "TOR",
      "model_probs": {
        "home_win_prob": 0.6958830670697063,
        "away_win_prob": 0.30411693293029374,
        "expected_total": 6.105865476214422,
        "over_prob": 0.48769082987623263,
        "under_prob": 0.5123091701237674,
        "home_cover_prob": 0.6083755730403099,
        "away_cover_prob": 0.39162442695969013,
        "total_line": 6.5,
        "spread_line": -1.5,
        "n_games": 50,
        "avg_similarity": 0.8045594063547067,
        "confidence": 0.5987027346802613,
        "raw_home_win_prob": 0.6810173342505077,
        "raw_over_prob": 0.4794402640730527,
        "goal_distribution": {
          "3": 0.1,
          "4": 0.08,
          "5": 0.22,
          "6": 0.12,
          "7": 0.26,
          "8": 0.06,
          "9": 0.1,
          "10": 0.02,
          "11": 0.02,
          "15": 0.02
        }
      },
      "market_probs": {
        "home_win_prob": 0.6926086915082291,
        "away_win_prob": 0.30739130849177076,
        "over_prob": 0.48378174187456047,
        "under_prob": 0.5162182581254395,
        "spread_home_cover_prob": 0.4913611832554499,
        "total_line": 6.5,
        "spread_line": -1.5,
        "n_books_ml": 15,
        "n_books_total": 15,
        "n_books_spread": 15
      },
      "blended_probs": {
        "home_win_prob": 0.7114469966223613,
        "away_win_prob": 0.2885530033776387,
        "over_prob": 0.48499161842573413,
        "under_prob": 0.5150083815742659,
        "home_cover_prob": 0.6936221223160985,
        "away_cover_prob": 0.30637787768390146,
        "model_confidence": 0.5987027346802613,
        "effective_model_weight": 0.30950353398441477
      },
      "n_similar": 50,
      "n_bets": 0,
      "context_indicators": {
        "fatigue": [
          {
            "team": "MIN",
            "type": "B2B",
            "severity": "medium"
          },
          {
            "team": "TOR",
            "type": "B2B",
            "severity": "medium"
          }
        ],
        "goalie": [],
        "injuries": [
          {
            "team": "MIN",
            "impact": 9.0,
            "severity": "negative"
          },
          {
            "team": "TOR",
            "impact": 10,
            "severity": "negative"
          }
        ],
        "splits": [],
        "advanced": []
      },
      "goalie_matchup": {
        "home": {
          "name": "Filip Gustavsson",
          "quality_score": 59.9,
          "recent_save_pct": 0.92,
          "recent_gaa": 2.28,
          "recent_quality_starts": 6
        },
        "away": {
          "name": "Joseph Woll",
          "quality_score": 51.8,
          "recent_save_pct": 0.895,
          "recent_gaa": 3.57,
          "recent_quality_starts": 6
        }
      },
      "team_splits": {
        "home": {
          "games": 10,
          "wins": 6,
          "losses": 3,
          "ot_losses": 1,
          "win_pct": 0.6,
          "goals_for": 34,
          "goals_against": 25,
          "gf_pg": 3.4,
          "ga_pg": 2.5,
          "goal_diff": 0.9
        },
        "away": {
          "games": 10,
          "wins": 4,
          "losses": 5,
          "ot_losses": 1,
          "win_pct": 0.4,
          "goals_for": 27,
          "goals_against": 36,
          "gf_pg": 2.7,
          "ga_pg": 3.6,
          "goal_diff": -0.9
        }
      },
      "injuries": {
        "home": {
          "impact_score": 9.0,
          "key_injuries": [],
          "total_injuries": 5,
          "positions_affected": {
            "F": 0,
            "D": 0,
            "G": 0
          }
        },
        "away": {
          "impact_score": 10,
          "key_injuries": [],
          "total_injuries": 10,
          "positions_affected": {
            "F": 0,
            "D": 5,
            "G": 1
          }
        }
      },
      "advanced_stats": {
        "home": {
          "xGF_per_60": 3.1761194029850746,
          "xGA_per_60": 2.7223880597014922,
          "xGF_pct": 53.846153846153854,
          "corsi_pct": 53.84615384615385,
          "fenwick_pct": 53.84615384615385,
          "shooting_pct": 33.33333333333333,
          "save_pct": 0.6666666666666667,
          "pdo": 100.0
        },
        "away": {
          "xGF_per_60": 2.9917910447761193,
          "xGA_per_60": 3.346268656716418,
          "xGF_pct": 47.20357941834452,
          "corsi_pct": 47.20357941834452,
          "fenwick_pct": 47.20357941834452,
          "shooting_pct": 33.33333333333333,
          "save_pct": 0.6666666666666667,
          "pdo": 100.0
        }
      }
    },
    {
      "game": "NSH @ EDM",
      "home": "EDM",
      "away": "NSH",
      "model_probs": {
        "home_win_prob": 0.6835505539999491,
        "away_win_prob": 0.31644944600005087,
        "expected_total": 7.3022441630341905,
        "over_prob": 0.6408522691118514,
        "under_prob": 0.35914773088814855,
        "home_cover_prob": 0.5454032709251012,
        "away_cover_prob": 0.4545967290748988,
        "total_line": 6.5,
        "spread_line": -1.5,
        "n_games": 50,
        "avg_similarity": 0.7995813531356499,
        "confidence": 0.6895092077781585,
        "raw_home_win_prob": 0.5658486796302642,
        "raw_over_prob": 0.7042790256068182,
        "goal_distribution": {
          "1": 0.02,
          "3": 0.06,
          "4": 0.02,
          "5": 0.1,
          "6": 0.1,
          "7": 0.32,
          "8": 0.14,
          "9": 0.12,
          "10": 0.06,
          "11": 0.04,
          "13": 0.02
        }
      },
      "market_probs": {
        "home_win_prob": 0.6167878516849874,
        "away_win_prob": 0.3832121483150127,
        "over_prob": 0.5074593117426559,
        "under_prob": 0.4925406882573441,
        "spread_home_cover_prob": 0.4104856357459674,
        "total_line": 6.5,
        "spread_line": -1.5,
        "n_books_ml": 15,
        "n_books_total": 15,
        "n_books_spread": 15
      },
      "blended_probs": {
        "home_win_prob": 0.6389628672558858,
        "away_win_prob": 0.3610371327441142,
        "over_prob": 0.5517653509553198,
        "under_prob": 0.44823464904468024,
        "home_cover_prob": 0.6389628672558858,
        "away_cover_prob": 0.3610371327441142,
        "model_confidence": 0.6895092077781585,
        "effective_model_weight": 0.3321467646154413
      },
      "n_similar": 50,
      "n_bets": 0,
      "context_indicators": {
        "fatigue": [
          {
            "team": "EDM",
            "type": "B2B",
            "severity": "medium"
          },
          {
            "team": "NSH",
            "type": "B2B",
            "severity": "medium"
          }
        ],
        "goalie": [
          {
            "team": "EDM",
            "type": "cold",
            "value": 0.826,
            "severity": "negative"
          },
          {
            "team": "NSH",
            "type": "cold",
            "value": 0.885,
            "severity": "negative"
          }
        ],
        "injuries": [
          {
            "team": "EDM",
            "impact": 10,
            "severity": "negative"
          },
          {
            "team": "NSH",
            "impact": 9.9,
            "severity": "negative"
          }
        ],
        "splits": [
          {
            "team": "NSH",
            "type": "weak_road",
            "value": 0.2,
            "severity": "negative"
          }
        ],
        "advanced": []
      },
      "goalie_matchup": {
        "home": {
          "name": "Tristan Jarry",
          "quality_score": 38.1,
          "recent_save_pct": 0.826,
          "recent_gaa": 5.09,
          "recent_quality_starts": 2
        },
        "away": {
          "name": "Juuse Saros",
          "quality_score": 45.2,